FamilyName,FirstName
ABBING, Mr Anthony
ABBOTT, Mr Rossmore Edward
ABBOTT, Mr Eugene Joseph
ABBOTT, Mr Ernest Owen
ABELSON, Mr Samuel
ABĪ SA'B, Mr Jirjis Yūsuf
ABĪ SHADĪD, Mr Dāhir
ABRAMS, Mr William Thomas
ÅDAHL, Mr Mauritz
ADAMS, Mr John
ADAMS, Mr Robert John
AHIER, Mr Percy Snowden
AHLIN, Mrs Johanna Persdotter
AHMED, Mr Ali
ÄIJÖ-NIRVA, Mr Isakki Antonpoika
AKERMAN, Mr Albert Edward
AKERMAN, Mr Joseph Francis
AL-MUNÀ, Mr Farīd Husayn Qāsim
ALDWORTH, Mr Augustus Henry
ALEXANDER, Mr William Albert
ALHOMÄKI, Mr Ilmari Rudolf
ALI, Mr William
ALLARIA, Mr Battista Antonio
ALLEN, Mr William Henry
ALLEN, Mr Henry
ALLEN, Mr George
ALLEN, Mr Robert Spencer
ALLISON, Mr Hudson Joshua Creighton
ALLISON, Mrs Bess Waldo
ALLISON, Miss Helen Loraine
ALLSOP, Mr Alfred Samuel
ALLSOP, Mr Frank Richard
ALLUM, Mr Owen George
ANDERSEN, Mr Albert Kaurin
ANDERSON, Mr Walter Yuill
ANDERSSON, Mr Johan Samuel
ANDERSSON, Miss Ida Augusta Margareta
ANDERSSON, Mr Anders Johan
ANDERSSON, Mrs Alfrida Konstantia Brogren
ANDERSSON, Miss Sigrid Elisabeth
ANDERSSON, Miss Ingeborg Constanzia
ANDERSSON, Miss Ebba Iris Alfrida
ANDERSSON, Master Sigvard Harald Elias
ANDERSSON, Miss Ellis Anna Maria
ANDREASSON, Mr Pål Edvin
ANDREW, Mr Edgar Samuel
ANDREW, Mr Frank Thomas
ANDREWS, Mr Thomas
ANGLE, Mr William
ARNOLD-FRANCHI, Mr Josef
ARNOLD-FRANCHI, Mrs Josefine
ARONSSON, Mr Ernst Axel Algot
ARTAGAVEYTIA, Mr Ramon
ASHBY, Mr John
ASHCROFT, Mr Austin Aloysius
ASHE, Mr Henry Wellesley
ASIM, Mr Adola
ASPESLAGH, Mr Georges
ASPLUND, Mr Carl Oscar Vilhelm Gustafsson
ASPLUND, Master Carl Edgar
ASPLUND, Master Filip Oscar
ASPLUND, Master Clarence Gustaf Hugo
ASSAM, Mr Ali
ASTOR, Colonel John Jacob
ATĀ ALLĀH, Miss Malakah
ATTALA, Mr Sleiman Khalil
AUGUSTSSON, Mr Albert
AYLING, Mr Edwin George
BACK, Mr Charles Frederick
BACKSTRÖM, Mr Karl Alfred
BADT, Mr Mohamed
BAGLEY, Mr Edward Henry
BAILEY, Mr Percy
BAILEY, Mr George Frank
BAILEY, Mr George
BAINBRIGGE, Mr Charles Robert
BAINES, Mr Richard
BALIKIĆ, Mr Ćerim
BANEWER, Mr Solomon
BANFI, Mr Ugo
BANFIELD, Mr Frederick James
BANNON, Mr John Joseph
BARBARA, Mrs Catherine David
BARBARA, Miss Saiide
BARKER, Mr Albert Vale
BARKER, Mr Ernest Thomas
BARKER, Mr Reginald Lomond
BARLOW, Mr Charles Henry
BARLOW, Mr George
BARNES, Mr Charles
BARNES, Mr John
BARNES, Mr Frederick Charles
BARRATT, Mr Arthur
BARRETT, Mr Frederick William
BARRINGER, Mr Arthur William
BARROW, Mr Charles Henry John
BARROWS, Mr Edward William Peter
BARRY, Miss Julia
BARTON, Mr David John
BARTON, Mr Sidney John
BASILICO, Mr Giovanni
BATEMAN, Revd Robert James
BATOSHEV, Mr Hristo Lalev
BAUMANN, Mr John David
BAXTER, Mr Quigg Edmond
BAXTER, Mr Harry Ross
BAXTER, Mr Thomas Ferguson
BAZZĪ, Mr Rashīd Al-Hāj 'Adb al-Husayn
BAZZI, Sig. Narciso
BEATTIE, Mr Thomson
BEATTIE, Mr Joseph John
BEAUCHAMP, Mr Henry James
BEAVAN, Mr William Thomas
BEDFORD, Mr William Barnett
BEEDEM, Mr George Arthur
BEERE, Mr William
BELL, Mr Joseph
BENDELL, Mr Frank
BENGTSSON, Mr Jan Viktor
BENHAM, Mr Fred John
BENNETT, Mr George Alfred
BENVILLE, Mr Edward
BERGLUND, Mr Karl Ivar Sven
BERNARDI, Sig. Battista
BERRIMAN, Mr William John
BESSANT, Mr William Edward Lowe
BESSANT, Mr Edward
BEST, Mr Edwin Alfred
BEUX, Mr David
BEVIS, Mr Joseph Henry
BIDDLECOMBE, Mr Reginald Charles
BIÉTRIX, Mr George Baptiste
BIGGS, Mr Edward Charles
BILLOWS, Mr James
BIRKELAND, Mr Hans Martin Monsen
BIRNBAUM, Mr Jakob
BISHOP, Mr Walter Alexander
BJÖRKLUND, Mr Ernst Heribert
BLACK, Mr D.
BLACK, Mr Alexander
BLACKMAN, Mr Albert Edward
BLACKWELL, Mr Stephen Weart
BLADES, Mr Frederick Charles
BLAKE, Mr John Douglas Stanley George
BLAKE, Mr Thomas Henry
BLANEY, Mr James
BLANN, Mr Eustace Horatius
BLUMET, Mr Jean Baptiste
BOCHATAY, Mr Alexis Joseph
BOCHET, Mr Pietro Giuseppe
BOGIE, Mr Norman Leslie
BOLHUIS, Mr Hendrik
BOND, Mr William John
BOOTHBY, Mr Walter Thomas
BOREBANK, Mr John James
BOSTANDJIEV, Mr Gencho
BOSTON, Mr William John
BOTSFORD, Mr William Hull
BOTT, Mr William Thomas
BOUGHTON, Mr Bernard John
BOULOS, Mr Hanna
BOURKE, Mr John
BOURKE, Mrs Catherine
BOURKE, Miss Mary
BOWEN, Mr David John 'Dai'
BOYD, Mr John
BOYES, Mr John Henry
BRACKEN, Mr James Hollen
BRADLEY, Mr Thomas Henry
BRADLEY, Mr Patrick Joseph
BRADSHAW, Mr John Albert Perkin
BRADY, Mr John Bertram
BRAF, Miss Elin Ester Maria
BRAILEY, Mr William Theodore Ronald
BRANDEIS, Mr Emil Franklin
BRAUND, Mr Lewis Richard
BRAUND, Mr Owen Harris
BREWE, Dr Arthur Jackson
BREWER, Mr H
BREWSTER, Mr George Henry
BRIANT, Mr Albert
BRIANT, Mr Arthur
BRICOUX, Mr Roger Marie
BRISTOW, Mr Robert Charles
BRISTOW, Mr Harry
BRITO, Mr José Joaquim de
BROBÄCK, Mr Karl Rudolf
BROCKLEBANK, Mr William Alfred
BROOKMAN, Mr John Cress
BROOKS, Mr J.
BROOM, Mr Herbert George
BROOME, Mr Athol Frederick
BROWN, Mr Joseph
BROWN, Mr Thomas William Solomon
BROWN, Mr John
BROWN, Mr Walter James
BRYHL, Mr Kurt Arnold Gottfrid
BUCKLEY, Miss Catherine
BUCKLEY, Mr H. E.
BULL, Mr Walter Edward
BULLEY, Mr Henry Ashburnham
BŪLUS, Mrs Sultānah
BŪLUS, Miss Nūr al-'ayn
BŪLUS, Master Akar
BUNNELL, Mr Wilfred James
BURKE, Mr Jeremiah
BURKE, Mr Richard Edward
BURNS, Miss Mary Delia
BURR, Mr Ewart Sydenham
BURROUGHS, Mr Arthur Peckham
BURTON, Mr Edward John
BUTLER, Mr Reginald Fenton
BUTRUS-KA'WĪ, Mr Tannūs
BUTT, Major Archibald Willingham
BUTT, Mr William John
BUTT, Mr Robert Henry
BUTTERWORTH, Mr Jack
BYLES, Fr Thomas Roussel Davids
BYRNE, Mr James Edward
ČAČIĆ, Mr Jego Grga
ČAČIĆ, Mr Luka
ČAČIĆ, Miss Marija
ČAČIĆ, Miss Manda
CAIRNS, Mr Alexander Milne
CALDERWOOD, Mr Hugh
ČALIĆ, Mr Petar
ČALIĆ, Mr Jovo
CAMPBELL, Mr William
CAMPBELL, Mr Donald Samuel
CANAVAN, Miss Mary
CANAVAN, Mr Patrick
CANN, Mr Ernest
CANNER, Mr John
CARAM, Mr Joseph
CARAM, Mrs Maria Elias
CARBINES, Mr William
CARLSSON, Mr Frans Olof
CARLSSON, Mr Carl Robert
CARLSSON, Mr August Sigfrid
CARNEY, Mr William John
CARR, Miss Jane
CARR, Mr Richard Stephen
CARRAU, Mr Francisco Mauro Severiano
CARRAÚ-ESTEVES, Mr José Pedro
CARTER, Rev. Ernest Courtenay
CARTER, Mrs Lilian
CARTER, Mr James
CARTWRIGHT, Mr James Edward
CARVER, Mr Alfred John
CASALI, Mr Giulio
CASE, Mr Howard Brown
CASEY, Mr Thomas
CASSWILL, Mr Charles
CASTLEMAN, Mr Edward
CAUNT, Mr William Ewart
CAVE, Mr Herbert
CAVENDISH, Mr Tyrell William
CECIL, Mr Charles Thomas
CELOTTI, Mr Francesco
CHABOISSON, Mr Adrien Firmin
CHAFFEE, Mr Herbert Fuller
CHAPMAN, Mr Charles Henry
CHAPMAN, Mr John Henry
CHAPMAN, Mrs Sarah Elizabeth
CHARMAN, Mr John James
CHARTERS, Mr David
CHERRETT, Mr William Victor
CHEVERTON, Mr William Frederick
CHISHOLM, Mr Roderick
CHISNALL, Mr George Alexander
CHITTY, Mr Archibald George
CHITTY, Mr George Henry
CHORLEY, Mr John Henry
CHRISTMANN, Mr Emil
CHRISTMAS, Mr Herbert Harry
CHRONOPOULOS, Mr Apostolos M.
CHRONOPOULOS, Mr Dimitrios M.
CLARK, Mr Walter Miller
CLARKE, Mr John Frederick Preston
CLARKE, Mr Charles Valentine
CLENCH, Mr George James
CLIFFORD, Mr George Quincy
COE, Mr Harry
COELHO, Mr Domingos Fernandeo
COLBERT, Mr Patrick
COLEMAN, Mr John
COLEMAN, Mr Albert Edward
COLERIDGE, Mr Reginald Charles
COLLANDER, Mr Erik Gustaf
COLLEY, Mr Edward Pomeroy
COLLYER, Mr Harvey
COMPTON, Mr Alexander Taylor jr
CONLIN, Mr Thomas Henry
CONNAUGHTON, Mr Michael
CONNOLLY, Miss Kate
CONNORS, Mr Patrick
CONWAY, Mr Percy Walter
COOK, Mr Jacob
COOK, Mr Gilbert William
COOMBS, Mr Charles Augustus
COOPER, Mr Henry William
COOPER, Mr Frederick George
COPPERTHWAITE, Mr Albert Harry
ČOR, Mr Bartol
ČOR, Mr Ivan
ČOR, Mr Liudevit
CORBEN, Mr Ernest Theodore
CORBETT, Mrs Irene
CORCORAN, Mr Dennis
COREY, Mrs Mary Emma
CORNAIRE, Mr Marcel Raymond André
CORNBLATT, Mr Harris
COTTERILL, Mr Henry
COTTON, Mr Alfred
COUCH, Mr Frank
COUCH, Mr Joseph Henry
COUTIN, Mr Auguste Louis
COX, Mr William Denton
COXON, Mr Daniel
COY, Mr Francis Ernest George
CRABB, Mr Henry James
CRAFTON, Mr John Bertram
CREASE, Mr Ernest James
CREESE, Mr Henry Philip
CRIBB, Mr John Hatfield
CRISP, Mr Albert Hector
CRISPIN, Mr William
CROSBIE, Mr John Borthwick
CROSBY, Captain Edward Gifford
CROSS, Mr William Alfred
CROVELLA, Mr Paolo Luigi
CRUMPLIN, Mr Charles George Chandler
ČULUMOVIĆ, Mr Jeso
CUMINGS, Mr John Bradley
CUNNINGHAM, Mr Alfred Fleming
CUNNINGHAM, Mr Bernard
CURTIS, Mr Arthur
DĀHIR, Mr Ṭannūs
DAHLBERG, Miss Gerda Ulrika
DAKIĆ, Mr Branko
DANBOM, Mr Ernst Gilbert
DANBOM, Mrs Anna Sigrid Maria
DANBOM, Master Gilbert Sigvard Emanuel
DASHWOOD, Mr William George
DAVIDSON, Mr Thornton
DAVIES, Mr Charles Henry
DAVIES, Mr Evan Lewis
DAVIES, Mr Alfred James
DAVIES, Mr John
DAVIES, Mr Joseph
DAVIES, Mr Thomas
DAVIES, Mr Gordon Raleigh
DAVIES, Mr Robert J.
DAVIS, Mr Stephen James
DAVIS, Mr John
DAVISON, Mr Thomas Henry
DAWSON, Mr Joseph
DE MARSICO, Sig. Govanni
DE PELSMAEKER, Mr Alfons
DEACON, Mr Percy William
DEAN, Mr Bertram Frank
DEAN, Mr George Fox Hopkins
DEBREUCQ, Mr Maurice Emile Victor
DEEBLE, Mr Alfred Arnold
DEL CARLO, Mr Sebastiano
DELALIĆ, Mr Redžo
DENBUOY, Mr Albert Joseph
DENKOV, Mr Mityu
DENNIS, Mr Samuel
DENNIS, Mr William
DENOV, Mr Yoto
DERRETT, Mr Arthur Henry
DESLANDES, Mr Percival Stainer
DESVERNINE, Mr Louis Gabriel
DIBDEN, Mr William
DĪBŪ, Mr Ilyās
DICKSON, Mr William
DIKA, Mr Mirko
DIMIĆ, Mr Jovan
DINCHEV, Mr Vulcho
DINENAGE, Mr James Richard
DODD, Mr Edward Charles
DODD, Mr George Charles
DODDS, Mr Henry Watson
DOHERTY, Mr William John
DOLBY, Mr Joseph
DONATI, Sig. Italo Francesco
DONOGHUE, Mr Florence Thomas
DONOHOE, Miss Bridget
DOOLEY, Mr Patrick
DORNIER, Mr Louis Auguste
DOUGHTY, Mr Walter Thomas
DOUGLAS, Mr Walter Donald
DOUTON, Mr William Joseph
DOYLE, Miss Elizabeth
DOYLE, Mr Laurence
DRAŽENOVIĆ, Mr Jozef
DREW, Mr James Vivian
DUFFY, Mr William Luke
DULLES, Mr William Crothers
DUNFORD, Mr William
DWAN, Mr Frank
DYER, Mr Henry Ryland
DYER, Mr William Henry
DYKER, Mr Adolf Fredrik
EAGLE, Mr Alfred James Jacob
EASTMAN, Mr Charles
EDBROOKE, Mr Francis Samuel Jacob
EDE, Mr George Bulkeley
EDGE, Mr Frederick William
EDVARDSSON, Mr Gustaf Hjalmar
EDWARDS, Mr Charles Essex
EGG, Mr William Henry
EITEMILLER, Mr George Floyd
EKLUND, Mr Hans Linus
EKSTRÖM, Mr Johan
ELIAS, Mr Joseph jr.
ELIAS, Mr Joseph
ELIAS NASRALLAH, Mr Tannous
ELLIOTT, Mr Everett Edward
ELSBURY, Mr William James
ENANDER, Mr Ingvar
ENNIS, Mr Walter
ERVINE, Mr Albert George
ESTANISLAU, Mr Manuel Gonçalves
EVANS, Miss Edith Corse
EVANS, Mr William Thomas
EVANS, Mr George Richard
EVERETT, Mr Thomas James
FAHLSTRØM, Mr Arne Joma
FAIRALL, Mr Henry Charles
FARDON, Mr Charles Richard
FARENDEN, Mr Ernest John
FARQUHARSON, Mr William Edward
FARRELL, Mr James
FARTHING, Mr John
FAUNTHORPE, Mr Harry Bartram
FAY, Mr Thomas Joseph
FEI, Sig. Carlo
FELLOWES, Mr Alfred James
FELTHAM, Mr George William
FERRARY, Mr Anton
FERRIS, Mr William
FILLBROOK, Mr Joseph Charles
FINCH, Mr Henry Herman
FIORAVANTE, Sig. Giuseppe Bertoldo
FISCHER, Mr Eberhard Thelander
FITZPATRICK, Mr Hugh Joseph
FLEMING, Miss Honor
FLETCHER, Mr Percy William
FLYNN, Mr James
FLYNN, Mr John
FOLEY, Mr Joseph
FOLEY, Mr William
FORD, Mr Arthur
FORD, Mrs Margaret Ann Watson
FORD, Miss Dollina Margaret
FORD, Mr Edward Watson
FORD, Mr William Neal Thomas
FORD, Miss Robina Maggie
FORD, Mr H.
FORD, Mr Thomas
FORD, Mr Ernest
FORD, Mr Francis
FOREMAN, Mr Benjamin Laventall
FORTUNE, Mr Mark
FORTUNE, Mr Charles Alexander
FOSTER, Mr Alfred Charles
FOX, Mr Stanley Harrington
FOX, Mr Patrick
FOX, Mr William Thomas
FRANKLIN, Mr Thomas Parnham
FRANKLIN, Mr Alan Vincent
FRASER, Mr James
FRASER, Mr J.
FREEMAN, Mr Ernest Edward Samuel
FROST, Mr Anthony Wood
FRY, Mr Richard Thomas
FUNK, Miss Annie Clemmer
FUTRELLE, Mr Jacques Heath
FYNNEY, Mr Joseph J.
GALE, Mr Harry
GALE, Mr Shadrach
GALLAGHER, Mr Martin
GARFIRTH, Mr John
GASKELL, Mr William Alfred
GATTI, Sig. Gaspare Antonio Pietro
GAVEY, Mr Laurence
GEDDES, Mr Richard Charles
GEE, Mr Arthur
GEER, Mr Alfred Emest
GEORGIEV, Mr Stenyu
GIGLIO, Mr Victor Gaitan Andrea
GILARDINO, Sig. Vincenzo Pio
GILBERT, Mr William
GILES, Mr Edgar
GILES, Mr Frederick Edward
GILES, Mr Ralph
GILES, Mr John Robert
GILINSKI, Mr Eliezer
GILL, Mr John
GILL, Mr Joseph Stanley
GILL, Mr Patrick
GILLESPIE, Mr William Henry
GIVARD, Mr Hans Kristensen
GODWIN, Mr Frederick Charles
GOLDER, Mr Martin William
GOLDSCHMIDT, Mr George B.
GOLDSMITH, Mr Frank John
GOLDSMITH, Mr Nathan
GOLLOP, Mr Percival Salisbury
GOODWIN, Mr Frederick Joseph
GOODWIN, Mrs Augusta
GOODWIN, Miss Lillian Augusta
GOODWIN, Mr Charles Edward
GOODWIN, Master William Frederick
GOODWIN, Miss Jessie Allis Mary
GOODWIN, Master Harold Victor
GOODWIN, Master Sidney Leslie
GORDON, Mr John
GOREE, Mr Frank
GOSHAWK, Mr Alfred James
GOSLING, Mr Bertram James
GOSLING, Mr Frank Henry
GRADIDGE, Mr Ernest Edward
GRAHAM, Mr George Edward
GREEN, Mr George
GREEN, Mr George
GREENBERG, Mr Samuel
GREGORY, Mr David
GROSCLAUDE, Mr Gérald
GRØNNESTAD, Mr Daniel Danielsen
GUEST, Mr Stephen
GUGGENHEIM, Mr Benjamin
GUMERY, Mr George
GUNN, Mr Joseph Alfred
GUSTAFSSON, Mr Karl Gideon
GUSTAFSSON, Mr Alfred Ossian
GUSTAFSSON, Mr Anders Vilhelm
GUSTAFSSON, Mr Johan Birger
GWINN, Mr William Logan
HAAS, Miss Aloisia
HAGLAND, Mr Ingvald Olai Olsen
HAGLAND, Mr Konrad Mathias Reiersen
HAKKARAINEN, Mr Pekka Pietari
HALE, Mr Reginald
HALL, Mr J.
HALL, Mr Frank Alfred James
HALLETT, Mr George Alexander
HAMBLYN, Mr Ernest William
HAMILTON, Mr Ernest
HAMPE, Mr Léon Jérome
HANDS, Mr Bernard
ḤANNĀ AL-HĀJ, Mr Mansūr
HANNAM, Mr George
HANSEN, Mr Claus Peter
HANSEN, Mr Henry Damsgaard
HANSEN, Mr Jens Henrik Marius Juul
HARBECK, Mr William H.
HARDING, Mr Alfred John
HARGADON, Miss Kate
HARKNETT, Miss Alice Phoebe
HARPER, Rev. John
HARRINGTON, Mr Henry Charles
HARRIS, Mr Henry Burkhardt
HARRIS, Mr Walter
HARRIS, Mr Amos
HARRIS, Mr Edward John
HARRIS, Mr Charles William
HARRIS, Mr Clifford Henry
HARRIS, Mr Edward Matthew
HARRISON, Mr William Henry
HARRISON, Mr Norman E.
HART, Mr Benjamin
HART, Mr Henry
HART, Mr James
HARTLEY, Mr Wallace Henry
HARVEY, Mr Herbert Gifford
HATCH, Mr Hugh
HAWKESWORTH, Mr James
HAWKESWORTH, Mr William Walter
HAYS, Mr Charles Melville
HAYTER, Mr Arthur
HEAD, Mr Christopher
HEAD, Mr Alfred
HEGARTY, Miss Hanora
HEINEN, Mr Joseph Dominichus
HEININEN, Miss Wendla Maria
HENDEKOVIĆ, Mr Ignjac
HENDY, Mr Edward Martin
HENRIKSSON, Miss Jenny Lovisa
HENRY, Miss Bridget
HENSFORD, Mr Herbert George Ernest
HERMAN, Mr Samuel
HESKETH, Mr John Henry
HESLIN, Mr James
HEWITT, Mr Thomas
HICKMAN, Mr Leonard Mark
HICKMAN, Mr Lewis
HICKMAN, Mr Stanley George
HILL, Mr James
HILL, Mr Henry Parkinson
HILL, Mr James Colston
HILLIARD, Mr Herbert Henry
HILTUNEN, Miss Martta Maria
HINCKLEY, Mr George Herbert
HINE, Mr William Edward
HINTON, Mr Stephen William
HIPKINS, Mr William Edward
HISCOCK, Mr Sydney George
HOARE, Mr Leonard James
HOCKING, Mr Richard George
HOCKING, Mr Samuel James Metcalfe
HODGE, Mr Charley
HODGES, Mr Henry Price
HODGES, Mr W.
HODGKINSON, Mr Leonard
HOGAN, Mr Albert John
HOGG, Mr Charles William
HOGUE, Mr E.
HOLD, Mr Stephen
HOLLAND, Mr Thomas
HOLLOWAY, Mr Sidney
HOLM, Mr John Fredrik Alexander
HOLMAN, Mr Harry
HOLTEN, Mr Johan Martin
HOLVERSON, Mr Alexander Oskar
HOOD, Mr Ambrose
HOPGOOD, Mr Roland John C.
HOPKINS, Mr Frederick William
HORGAN, Mr John
HOSGOOD, Mr Richard William
HOSKING, Mr George Fox
HOUSE, Mr William Charles
HOWARD, Mr Benjamin
HOWARD, Mrs Ellen Truelove
HOWELL, Mr Arthur Albert
HOYT, Mr William Fisher
HUGHES, Mr William Thomas
HUMBLEN, Mr Adolf Mathias Nicolai Olsen
HUMBY, Mr Frederick
HUME, Mr John Law
HUMPHREYS, Mr Humphrey
HUNT, Mr George Henry
HUNT, Mr Tom
HURST, Mr Charles John
HUTCHINSON, Mr John Hall
HUTCHISON, Mr James
IBRĀHĪM, Mr Husayn Mahmūd Husayn
IBRĀHĪM-SHAWAH, Mr Yūsuf Hānī
IDE, Mr Harry John
ILIEV, Mr Ilyo
ILMAKANGAS, Miss Ida Livija
ILMAKANGAS, Miss Pieta Sofia
INGRAM, Mr George
INGROUILLE, Mr Henry
INGS, Mr William Ernest
INSTANCE, Mr Thomas
ISHAM, Miss Ann Elizabeth
IVYANOV, Mr Kostya
JABBUR (ZABOUR), Miss Thamine
JABBUR (ZABOUR), Miss Hileni
JACKOPSON, Mr John Henry
JACKSON, Mr Cecil
JACOBSEN, Mrs Gunhilde Oline 'Lena'
JACOBSOHN, Mr Sidney Samuel
JAGO, Mr Joseph
JAILLET, Mr Henri Marie
JAMES, Mr Thomas
JANAWAY, Mr William Frank
JANIN, Mr Claude Marie
JARDIM, Mr José Neto
JARVIS, Mr Denzil John
JEFFERY, Mr William Alfred
JEFFERYS, Mr Clifford Thomas
JEFFERYS, Mr Ernest Wilfred
JENKIN, Mr Stephen Curnow
JENNER, Mr Thomas Henry (Harry)
JENSEN, Mr Hans Peder
JENSEN, Mr Svend Lauritz
JENSEN, Mr Niels Rasmus
JENSEN, Mr Charles Valdemar
JOAS, Mr Nicolas
JOHANSON, Mr Jakob Alfred
JOHANSSON, Mr Nils
JOHANSSON, Mr Erik
JOHANSSON, Mr Gustaf Joël
JOHANSSON, Mr Karl Johan
JOHNSON, Mr August
JOHNSON, Mr William Cahoone
JOHNSON, Mr Malkolm Joackim
JOHNSTON, Mr Andrew Emslie
JOHNSTON, Mrs Eliza
JOHNSTON, Master William Andrew
JOHNSTON, Miss Catherine Nellie
JONES, Mr Charles Cresson
JONES, Mr Albert Hugh Brabner
JONES, Mr Arthur Ernest
JONES, Mr Harry Owen Glendower
JONES, Mr Victor Reginald
JÖNSSON, Mr Nils Hilding
JOUANNAULT, Mr Georges Jules
JUKES, Mr Henry James
JULIAN, Mr Henry Forbes
JUPE, Mr Boylett Herbert
JUSSILA, Miss Katriina
JUSSILA, Miss Mari Aina
KALLIO, Mr Nikolai Erland
KALVIK, Mr Johannes Halvorsen
KANTOR, Mr Sinai
KARAJIĆ, Mr Milan
KARLSSON, Mr Julius Konrad Eugen
KARLSSON, Mr Nils August
KARNES, Mrs Claire
KATAVELOS, Mr Vasilios G.
KEANE, Mr Daniel
KEANE, Mr Andrew
KEARL, Mr Charles Henry
KEARL, Mr George Edward
KEEGAN, Mr James
KEEPING, Mr Edwin Herbert
KELLAND, Mr Thomas
KELLY, Mr James
KELLY, Mr James
KELLY, Mr James
KELLY, Mr William Patrick
KEMP, Mr Thomas Hulman
KENNELL, Mr Charles
KENT, Mr Edward Austin
KENYON, Mr Frederick Roland
KENZLER, Mr August
KERLEY, Mr William Thomas
KERR, Mr Thomas Russell
KETCHLEY, Mr Henry
KHALIL, Mr Betros
KHALIL, Mrs Zahie
KHALĪL 'ATTA ALLĀH, Mr Sulaymān
KIERAN, Mr James William
KIERAN, Mr Edgar Michael
KIERNAN, Mr John Joseph
KIERNAN, Mr Philip
KILGANNON, Mr Thomas
KINCHENTEN, Mr Frederick Charles
KING, Mr Thomas Walter
KING, Mr Alfred John Moffett
KING, Mr Ernest Waldron
KINGSCOTE, Mr William Ford
KINK, Miss Maria
KINK, Mr Vincenz
KINSELLA, Mr Louis
KIRKALDY, Mr Thomas Benjamin
KIRKHAM, Mr James
KIRKLAND, Fr Charles Leonard
KITCHING, Mr Arthur Alfred
KLABER, Mr Herman
KLASÉN, Mr Klas Albin
KLASÉN, Miss Gertrud Emilia
KLASÉN, Mrs Hulda Kristina Eugenia
KLEIN, Mr Herbert
KNIGHT, Mr Robert
KNIGHT, Mr Leonard George
KOLEV, Mr Sotir
KOLEV, Mr Petr
KRAEFF, Mr Theodor
KRINS, Mr Georges Alexandre
KUTSCHER (LITHMAN), Mr Simon
KVILLNER, Mr Johan Henrik Johannesson
LACEY, Mr Bertie William
LAHHŪD ISHAQ MU'AWWAD, Mr Sarkīs
LAHTINEN, Rev. William
LAHTINEN, Mrs Anna Amelia
LAHY, Mr T.
LAITINEN, Miss Kristina Sofia
LAKE, Mr William
LAM, Mr Len
LAMB, Mr John J.
LANE, Mr Patrick
LANE, Mr Albert Edward
LAROCHE, Mr Joseph Philippe Lemercier
LARSSON, Mr August Viktor
LARSSON, Mr Bengt Edvin
LATIMER, Mr Andrew
LAWRANCE, Mr Arthur
LEADER, Mr Archibald
LEE, Mr Herbert Henry
LEFEBVRE, Mrs Frances Marie
LEFEBVRE, Master Henry
LEFEBVRE, Miss Ida
LEFEBVRE, Miss Jeannie
LEFEBVRE, Miss Mathilde
LEFEBVRE, Mr Paul Georges
LEINONEN, Mr Antti Gustaf
LENNON, Mr Denis
LEONARD, Mr Matthew
LESTER, Mr James
LEVETT, Mr George Alfred
LÉVY, Mr René Jacques
LEWY, Mr Ervin G.
LEYSON, Mr Robert William Norman
LIEVENS, Mr René Aimé
LIGHT, Mr Christopher William
LIGHT, Mr W.
LIGHT, Mr Charles Edward
LIND, Mr Erik Gustaf
LINDAHL, Miss Agda Thorilda Viktoria
LINDBLOM, Miss Augusta Charlotta
LINDELL, Mr Edvard Bengtsson
LINDELL, Mrs Elin Gerda
LINEHAN, Mr Michael
LING, Mr Lee
LINGANE, Mr John
LINHART, Mr Wenzel
LIVSHIN, Mr David
LLOYD, Mr William
LLOYD, Mr Humphrey
LOBB, Mr William Arthur
LOBB, Mrs Cordelia
LOCKE, Mr Albert George
LOCKYER, Mr Edward Thomas
LONG, Mr Milton Clyde
LONG, Mr Frank
LONG, Mr William
LONGMUIR, Mr John Dickson
LORING, Mr Joseph Holland
LOUCH, Mr Charles
LOVELL, Mr John Hall
LOVELL, Mr John
LUNDAHL, Mr Johan Svensson
LYDIATT, Mr Charles
LYMPEROPOULUS, Mr Panagiotis K.
LYNTAKOFF, Mr Stanko
LYONS, Mr William Henry
MABEY, Mr John Charles
MACK, Mrs Mary
MACKAY, Mr George William
MACKIE, Mr William Dickson
MACKIE, Mr George William
MÄENPÄÄ, Mr Matti Alexanteri
MAGUIRE, Mr John Edward
MAHON, Miss Bridget Delia
MAJOR, Mr Thomas Edgar
MÄKINEN, Mr Kalle Edvard
MALACHARD, Mr Jean-Noël
MALLET, Mr Albert Denis Pierre
MANGAN, Miss Mary
MANGIAVACCHI, Mr Emilio Giovanni Andrea Onorato
MANTLE, Mr Roland Frederick
MARCH, Mr John Starr
MARDIROSIAN, Mr Sarkis
MARETT, Mr George John
MARINKO, Mr Dmitri
MARKOFF, Mr Marin
MARKS, Mr James
MARKUN, Mr Johann
MARRIOTT, Mr John William
MARSH, Mr Frederick Charles
MARVIN, Mr Daniel Warner
MASKELL, Mr Leopold Adolphus
MASON, Mr J.
MATHIAS, Mr Montague Vincent
MATHIESON, Mr David John
MATINOFF, Mr Nicola
MATTHEWS, Mr William John
MATTMANN, Mr Adolf
MAXWELL, Mr John
MAY, Mr Arthur William
MAY, Mr Arthur William
MAYBERY, Mr Frank Hubert
MAYO, Mr William Peter
MAYTUM, Mr Alfred
MCANDREW, Mr Thomas Patrick
MCANDREWS, Mr William
MCCAFFRY, Mr Thomas Francis
MCCARTHY, Mr Timothy John
MCCARTY, Mr Frederick James
MCCASTLIN, Mr William
MCCAWLEY, Mr Thomas W.
MCCRAE, Mr Arthur Gordon
MCCRIE, Mr James Matthew
MCELROY, Mr Hugh Walter
MCEVOY, Mr Michael
MCGARVEY, Mr Edward Joseph
MCGAW, Mr Erroll Victor
MCGOWAN, Miss Catherine
MCGRADY, Mr James
MCINERNEY, Mr Thomas
MCKANE, Mr Peter Daniel
MCMAHON, Mr Martin
MCMICKEN, Mr Benjamin Tucker
MCMULLIN, Mr John Richard
MCMURRAY, Mr William
MCNAMEE, Mr Neal
MCNAMEE, Mrs Eileen
MCNEILL, Miss Bridget
MCQUILLAN, Mr William
MCRAE, Mr William Alexander
MCREYNOLDS, Mr William Thomas Carson
MEANWELL, Mrs Marian
MEEHAN, Mr John
MEEK, Mrs Annie Louisa
MEISNERE, Mr Simon
MELLOR, Mr Arthur
MEO (MARTINO), Mr Alfonzo
MERNAGH, Mr Robert
MEYER, Mr Edgar Joseph
MEYER, Mr August
MIDDLETON, Mr Alfred Pirrie
MIDDLETON, Mr Mark Victor
MIHOFF, Mr Stoytcho
MILES, Mr Frank
MILFORD, Mr George
MILLAR, Mr Robert
MILLAR, Mr Thomas
MILLET, Mr Francis Davis
MILLING, Mr Jacob Christian
MINAHAN, Dr William Edward
MINEFF, Mr Ivan
MINKOFF, Mr Lazar
MINTRAM, Mr William
MISH'ALĀNĪ, Mr Ibrāhīm Mansūr
MITCHELL, Mr Henry Michael
MITCHELL, Mr Lorenzo Horace
MITKOFF, Mr Mito
MOEN, Mr Sigurd Hansen
MOLSON, Mr Harry Markland
MONRÓS, Sr. Joan Javier
MONTEVERDI, Sig. Giovanni
MONTVILA, Fr Juozas
MOODY, Mr James Paul
MOORE, Mr Clarence
MOORE, Mr Leonard Charles
MOORE, Mr Ralph
MOORE, Mr Alfred Ernest
MOORES, Mr Richard Henry
MORAN, Mr Daniel J.
MORAWECK, Dr Ernest
MORGAN, Mr Arthur Herbert
MORGAN, Mr Thomas A.
MORGAN (BIRD), Mr Charles Frederick
MORLEY, Mr Henry Samuel
MORLEY, Mr William
MORRIS, Mr William Edward
MORROW, Mr Thomas Rowan
MOSS, Mr William
MOUTAL, Mr Rahamin Haim
MOYES, Mr William Young
MUDD, Mr Thomas Cupper
MÜLLER, Mr Ludwig
MULLIN, Miss Mary
MULLIN, Mr Thomas
MURDLIN, Mr Joseph
MURDOCH, Mr William McMaster
MYHRMAN, Mr Pehr Fabian Oliver Malkolm
MYLES, Mr Thomas Francis
NAIDENOFF, Mr Penko
NAKHLI, Mr Toufik
NANCARROW, Mr William Henry
NANKOFF, Mr Minko
NANNINI, Sig. Francesco Luigi Arcangelo
NASR 'ALMĀ, Mr Mustafà
NAṢR ALLĀH, Mr Niqūlā Khalīl
NASR-RIZQ, Mr Su'ādah Ḥannā
NATSCH, Mr Charles
NAUGHTON, Miss Hannah
NAVRATIL, Mr Michel
NENKOV, Mr Hristo
NESSON, Mr Israel
NETTLETON, Mr George Walter
NEWELL, Mr Arthur Webster
NEWMAN, Mr Charles Thomas
NICHOLLS, Mr Joseph Charles
NICHOLLS, Mr Sidney
NICHOLS, Mr Albert William Stanley
NICHOLS, Mr Arthur
NICHOLSON, Mr Arthur Ernest
NIEMINEN, Miss Manta Josefina
NIKLASSON, Mr Samuel
NILSSON, Mr August Ferdinand
NIVEN, Mr John Brown
NOFAL, Mr Mansouer
NOON, Mr John Thomas
NORMAN, Mr Robert Douglas
NORRIS, Mr James
NOSS, Mr Bertram Arthur
NOSWORTHY, Mr Richard Cater
NYSVEEN, Mr Johannes Hansen
O'BRIEN, Mr Denis
O'BRIEN, Mr Thomas
O'CONNELL, Mr Patrick Denis
O'CONNOR, Mr Maurice
O'CONNOR, Mr Patrick
O'CONNOR, Mr Thomas Peter
O'KEEFE, Mr Arthur
O'LOUGHLIN, Dr William Francis Norman
O'SULLIVAN, Miss Bridget Mary
ÖDAHL, Mr Nils Martin
OLIVE, Mr Charles
OLIVE, Mr Ernest Roskelly
OLSEN, Mr Karl Siegwart Andreas
OLSEN, Mr Henry Margido
OLSEN, Mr Ole Martin
OLSSON, Mr Nils Johan Göransson
OLSSON, Miss Elida
OLSVIGEN, Mr Thor Anderson
OREŠKOVIĆ, Mr Luka
OREŠKOVIĆ, Miss Jelka
OREŠKOVIĆ, Miss Marija
ORPET, Mr Walter Hayward
ORR, Mr James
OSBORNE, Mr William Edward
OSÉN, Mr Olaf Elon
OTTER, Mr Richard
OVIÉS Y RODRÍGUEZ, Mr Servando José Florentino
OWEN, Mr Lewis
PACEY, Mr Reginald lvan
PACHERA, Sig. Jean Baptiste Stanislas
PAICE, Mr Richard Charles John
PAIN, Dr Alfred
PAINTER, Mr Charles
PAINTER, Mr Frank
PAINTIN, Mr James Arthur
PALLES, Mr Thomas Henry Michael
PÅLSSON, Mrs Alma Cornelia
PÅLSSON, Master Gösta Leonard
PÅLSSON, Master Paul Folke
PÅLSSON, Miss Stina Viola
PÅLSSON, Miss Torborg Danira
PANULA, Mrs Maija Emelia Abrahamintytar
PANULA, Master Jaako Arnold
PANULA, Mr Ernesti Arvid
PANULA, Master Juha Niilo
PANULA, Master Urho Abraham
PANULA, Master Eino Viljam
PARKER, Mr Clifford Richard
PARKES, Mr Francis
PARR, Mr William Henry Marsh
PARSONS, Mr Frank Alfred
PARSONS, Mr Edward
PARSONS, Mr Richard Henry
PARTNER, Mr Austin
PASIC, Mr Jakob
PATCHETT, Mr George
PAVLOVIĆ, Mr Stefo
PAYNE, Mr Vivian Ponsonby
PEACOCK, Mrs Edith
PEACOCK, Master Albert Edward
PEACOCK, Miss Treasteall
PEARCE, Mr Ernest
PEARCE, Mr Alfred Ernest
PEARS, Mr Thomas
PEDERSEN, Mr Olaf
PEDRINI, Sig. Alessandro
PEDUZZI, Mr Joseph
PEKONIEMI, Mr Edvard
PELTOMÄKI, Mr Nikolai Johannes
PEÑASCO Y CASTELLANA, Mr Victor
PENGELLY, Mr Frederick William
PENNAL, Mr Thomas Frederick Cohen
PENNY, Mr William Farr
PENROSE, Mr John Poole
PERACCHIO, Sig. Alberto
PERACCHIO, Sig. Sebastiano
PERKIN, Mr John Henry
PERKINS, Mr Laurence Alexander
PERNOT, Mr René
PEROTTI, Mr Alfonso
PERREN, Mr William Charles
PERRITON, Mr Hubert Prouse
PERRY, Mr Henry Frederick
PERUSCHITZ, Fr Josef
PETERANEC KRAMARIĆ, Mrs Mathilda
PETERS, Miss Catherine
PETERSEN, Mr Marius
PETROFF, Mr Nedialco
PETROFF, Mr Pastcho
PETTERSSON, Mr Johan Emil
PETTERSSON, Miss Elin Natalia
PETTY, Mr Edwin Henry
PHILLIPS, Mr Escott Robert
PHILLIPS, Mr George
PHILLIPS, Mr John George
PHILLIPS, Mr Walter John
PIATTI, Sig. Louis
PIAZZA, Sig. Pompeo Gaspro
PITFIELD, Mr William James
PLATT, Mr Wilfred George
PLOTCHARSKY, Mr Vasil
POCRNIĆ, Mr Mate
POCRNIĆ, Mr Tome
POGGI, Sig. Emilio
POND, Mr George
PONESELL, Mr Martin
POOK, Mr Percy Robert
PORTER, Mr Walter Chamberlain
PORTEUS, Mr Thomas Henry
PRESTON, Mr Thomas Charles Alfred
PRICE, Mr Ernest Cyril
PRIDEAUX, Mr John Arthur (Jack)
PROCTOR, Mr Charles
PROUDFOOT, Mr Richard Royston
PRYCE, Mr Charles William
PUGH, Mr Arthur Percy
PULBAUM, Mr Franz
PULNER, Mr Uscher
PUZEY, Mr John Edward
RADEFF, Mr Alexander
RAFŪL-BŪLUS, Mr Bākhūs
RANDALL, Mr Frank Henry
RANSOM, Mr James
RATTENBURY, Mr William Henry
RATTI, Sig. Enrico
READ, Mr Joseph
REED, Mr James George
REED, Mr Thomas Charles Prowse
REEVES, Mr David
REEVES, Mr Frederick Simms
REEVES, Mr Frederick Vernon Hilton
REID, Mr Robert Thomas
REKIĆ, Mr Tido (Ejdo)
RENOUF, Mr Peter Henry
RENTOWL, Mr Philip Charles Thomas
REUCHLIN, Jonkh Johan George
REVELL, Mr William James Francis
REYNOLDS, Mr Harold
RICALDONE, Mr Rinaldo Renato
RICE, Mrs Margaret
RICE, Master Albert
RICE, Master George
RICE, Master Eric
RICE, Master Arthur
RICE, Master Francis
RICE, Mr John Reginald
RICE, Mr Percy
RICHARD, Mr Emile Phillippe
RICHARDS, Mr Joseph James
RICKMAN, Mr George Albert Dolman
RICKS, Mr Cyril Gordon
RIDOUT, Mr Walter George
RIGHINI, Mr Sante
RIGOZZI, Mr Abele
RIIHIVUORI, Miss Susanna Juhantytär
RIMMER, Mr Gilbert
RINTAMÄKI, Mr Matti
RISIEN, Mr Samuel Beard
RISIEN, Mrs Emma Jane
ROBERTON, Mr George Edward
ROBERTS, Mr Robert George
ROBERTS, Mr Frank John
ROBERTS, Mr Hugh H.
ROBINS, Mr Victor
ROBINS, Mr Alexander
ROBINS, Mrs Charity
ROBINSON, Mr James William
ROEBLING, Mr Washington Augustus
ROGERS, Mr Reginald Harry
ROGERS, Mr William John
ROGERS, Mr Edward James William
ROGERS, Mr Michael Joseph
ROMMETVEDT, Mr Knud Paust
RONDBERG, Mr Edvard Larsson
ROOD, Mr Hugh Roscoe
ROSBLOM, Mrs Helena Wilhelmina
ROSBLOM, Miss Salli Helena
ROSBLOM, Mr Viktor Richard
ROSENSHINE, Mr George
ROSS, Mr John Hugo
ROTHSCHILD, Mr Martin
ROTTA, Sig. Angelo Mario
ROUS, Mr Arthur John
ROUSE, Mr Richard Henry
ROUSSEAU, Mr Pierre
ROWE, Mr Alfred G.
ROWE, Mr Edgar Maurice
RUDD, Mr Henry
RUSH, Mr Alfred George John
RUSSELL, Mr Boysie Richard
RUTTER, Mr Sidney Frank
RYAN, Mr Patrick
RYAN, Mr Thomas
RYERSON, Mr Arthur Larned
SAAD, Mr Amin Houssein
SACCAGGI, Mr Giovanni Giuseppe Emilio
SADLIER, Mr Matthew
SADOWITZ, Mr Henry
SAGE, Mr John George
SAGE, Mrs Annie Elizabeth
SAGE, Miss Stella Anne
SAGE, Mr George John
SAGE, Mr Douglas Bullen
SAGE, Mr Frederick
SAGE, Miss Dorothy Florence
SAGE, Master Anthony William
SAGE, Miss Elizabeth Ada
SAGE, Miss Constance Gladys
SAGE, Master Thomas Henry
SALANDER, Mr Karl Johan
SALONEN, Mr Johan Werner
SALUSSOLIA, Mr Govanni
SAMAAN, Mr Hanna Elias
SAMAAN, Mr Elias
SAMAAN, Mr Youssef
SAMUEL, Mr Owen Wilmore
SANGSTER, Mr Charles Edward
SARTORI, Sig. Lazar
SAUNDERCOCK, Mr William Henry
SAUNDERS, Mr F.
SAUNDERS, Mr Walter Ernest
SAUNDERS, Mr William Henry
SAUNDERS, Mr William Ernest
SAWYER, Mr Frederick Charles
SAWYER, Mr Robert James
SCANLAN, Mr James
SCAVINO, Sig. Candido
SCHMIDT, Mr Augustus
SCOTT, Mr Archibald
SCOTT, Mr John
SCOVELL, Mr Robert
SDYCOFF, Mr Todor
SEDGWICK, Mr Charles Frederick Waddington
SEDUNARY, Mr Samuel Francis
SELF, Mr Alfred Henry
SEMAN, Master Betros
SESIA, Sig. Giacomo
SHANNON, Mr Andrew John
SHARP, Mr Percival
SHAUGHNESSY, Mr Patrick
SHAW, Mr Henry
SHEA, Mr Thomas
SHEA, Mr John Joseph
SHELLARD, Mr Frederick Blainey
SHEPHERD, Mr Jonathan
SHIHĀB, Mr Al-Amīr Fāris
SHILLABEER, Mr Charles Frederick
SHORNEY, Mr Charles Joseph
SIEBERT, Mr Sidney Conrad
SIHVOLA, Mr Antti Wiljam
SILVEY, Mr William Baird
SIMMONS, Mr John
SIMMONS, Mr Frederick Charles
SIMMONS, Mr William Simon Catcott
SIMPSON, Dr John Edward
SIRAGANIAN, Mr Arsen
SIROTA, Mr Morris
SIVIĆ, Mr Husein
SIVIER, Mr William
SJÖSTEDT, Mr Ernst Adolf
SKEATES, Mr William
SKINNER, Mr Edward
SKOOG, Mr Wilhelm Johansson
SKOOG, Mrs Anna Bernhardina
SKOOG, Master Karl Thorsten
SKOOG, Master Harald
SKOOG, Miss Mabel
SKOOG, Miss Margit Elizabeth
SLABENOFF, Mr Petco
SLEMEN, Mr Richard James
SLIGHT, Mr Harry John
SLIGHT, Mr William Henry James
SLOAN, Mr Peter
SLOCOVSKI, Mr Selman Francis
SMALL, Mr William McMillan
SMART, Mr John Montgomery
SMILJANIĆ, Mr Mile
SMILLIE, Mr John Downing
SMITH, Captain Edward John
SMITH, Mr James Clinch
SMITH, Mr Richard William
SMITH, Mr Lucian Philip
SMITH, Mr William
SMITH, Mr Ernest George
SMITH, Mr James Muil
SMITH, Mr John Richard Jago
SMITH, Mr Charles Henry James
SMITH, Mr Charles Edwin
SMITH, Mr James William
SMITH, Mr Reginald George
SMITHER, Mr Harry James
SMYTH, Mr Thomas
SNAPE, Mrs Lucy Violet
SNELLGROVE, Mr George
SNOOKS, Mr W
SOBEY, Mr Samuel James Hayden
SOMERTON, Mr Francis William
SPECTOR, Mr Woolf
SPENCER, Mr William Augustus
SPINNER, Mr Henry John
STAGG, Mr John Henry
STANBROOK, Mr Augustus George
STANEFF, Mr Ivan
STANKOVIĆ, Mr Ivan
STANLEY, Mr Rowland Edwin
STANTON, Mr Samuel Ward
STEAD, Mr William Thomas
STEBBINGS, Mr Sydney Frederick
STEEL, Mr Robert Edward
STEWART, Mr Albert Ankeny
STOCKER, Mr Henry Dorey
STOKES, Mr Philip Joseph
STONE, Mr Edmund
STONE, Mr Edward Thomas
STOREY, Mr Thomas
STOYTCHEFF, Mr Ilia
STRANDBERG, Miss Ida Sofia
STRAUS, Mr Isidor
STRAUS, Mrs Rosalie Ida
STRILIĆ, Mr Ivan
STRÖM, Mrs Elna Matilda
STRÖM, Miss Telma Matilda
STROUD, Mr Edward Alfred Orlando
STROUD, Mr Harry John
STRUGNELL, Mr John Herbert
STUBBINGS, Mr Harry Robert
STUBBS, Mr James Henry
SUTEHALL, Mr Henry
SUTTON, Mr Frederick
SVENSSON, Mr Olof
SVENSSON, Mr Johan
SWAN, Mr William
SWANE, Mr George
SWEET, Mr George Frederick
SYMONDS, Mr John Crane
SÆTHER, Mr Simon Sivertsen
SØHOLT, Mr Peter Andreas Lauritz Andersen
TALBOT, Mr George Frederick Charles
TAMLYN, Mr Frederick
TANNŪS, Mr Bashīr
ṬANNŪS, Mr Ṭannūs Ḥannā Mu'awwad
ṬANNŪS MU'AWWAD, Mr Ḥannā
TAUSSIG, Mr Emil
TAYLOR, Mr Percy Cornelius
TAYLOR, Mr Charles William Frederick
TAYLOR, Mr J.
TAYLOR, Mr John Henry
TAYLOR, Mr Bernard Cuthbert
TAYLOR, Mr Leonard
TAYLOR, Mr William John
TERRELL, Mr Bertram
TESTONI, Sig. Ercole
TEUTON, Mr Thomas Moore
THALER, Mr Montague Donald
THAYER, Mr John Borland
THEOBALD, Mr Thomas Leonard
THOMAS, Mr Joseph Wakefield
THOMPSON, Mr Alexander Mellis
THOMPSON, Mr Herbert Henry
THORLEY, Mr William Gordon
THORN, Mr Harry
THORNEYCROFT, Mr Percival
TIETZ, Sig. Carlo/Karl
TIKKANEN, Mr Juho
TIZARD, Mr Arthur Leopold
TOBIN, Mr Roger
TODOROFF, Mr Lalio
TOMLIN, Mr Ernest Portage
TOPP, Mr Thomas
TÖRBER, Mr Ernst Wilhelm
TORFA, Mr Assad
TOSHACK, Mr James Adamson
TOTEVSKI, Mr Hristo Danchev
TOZER, Mr James
TROUPIANSKY, Mr Moses Aaron
TU'MAH AL-SAYQALĪ, Mr Assāf Jirjis
TURČIN, Mr Stjepan
TURLEY, Mr Richard
TURNER, Mr George Frederick
TURNER, Mr Leopold Olerenshaw
TURPIN, Mr William John
TURPIN, Mrs Dorothy Ann
TURVEY, Mr Charles Thomas
URBINI, Sig. Roberto
URUCHURTU, Mr Manuel Ramirez
VALVASSORI, Mr Ettore Luigi
VAN BILLIARD, Mr Austin Blyler
VAN BILLIARD, Master James William
VAN BILLIARD, Master Walter John
VAN DE VELDE, Mr Johannes Josef
VAN DEN STEEN, Mr Leo Peter
VAN DER BRUGGE, Mr Wessel Adrianus
VAN DERHOEF, Mr Wyckoff
VAN IMPE, Mr Jean Baptiste
VAN IMPE, Mrs Rosalie Paula
VAN IMPE, Miss Catharina
VAN MELCKEBEKE, Mr Philemon
VANDERCRUYSSEN, Mr Victor
VANDERPLANCKE, Mr Julius
VANDERPLANCKE, Mrs Emelie Maria
VANDERPLANCKE, Miss Augusta Maria
VANDERPLANCKE, Mr Leo Edmondus
VANDEWALLE, Mr Nestor Cyriel
VEAL, Mr James
VEAL, Mr Arthur
VEAL, Mr Thomas Henry Edom
VEAR, Mr Henry
VEAR, Mr William
VESTRÖM, Miss Hulda Amanda Adolfina
VICAT, Sig. Alphonse Jean Eugene
VILLVARLANGE, Mr Pierre Léon Gabriel
VINE, Mr Herbert Thomas Gordon
VIONI, Mr Roberto Pietro Gioacchino
VÖGELIN-DUBACH, Sig. Johannes
VOVK, Mr Janko
VULCHEV, Mr Minko Anghelov
WAELENS, Mr Achille
WAKE, Mr Percy
WALKER, Mr William Anderson
WALLIS, Mrs Catherine Jane
WALPOLE, Mr James
WALSH, Mrs Kate
WARD, Mr Arthur
WARD, Mr James William
WARD, Mr Edward Bryon
WARD, Mr Percy Thomas
WARDNER, Mr Fred Albert
WARE, Mr John James
WARE, Mr William Jeffery
WARE, Mr Frederick
WAREHAM, Mr Robert Arthur
WARREN, Mr Frank Manley
WARREN, Mr Charles William
WARWICK, Mr Tom
WATERIDGE, Mr Edward Lewis
WATSON, Mr Ennis Hastings
WATSON, Mr William
WATSON, Mr William Albert
WAZNAH, Mr Yūsuf Ahmad
WEATHERSTON, Mr Thomas Herbert
WEBB, Mr Samuel Francis
WEBB, Mr Brook Holden
WEBBER, Mr James
WEBBER, Mr Francis Albert
WEIR, Colonel John
WEISZ, Mr Léopold
WELCH, Mr William Harold
WENDEL, Mr Olof Edvin
WEST, Mr Edwy Arthur
WHEADON, Mr Edward Henry
WHEELER, Mr Edwin Charles
WHITE, Mr Percival Wayland
WHITE, Mr Richard Frasar
WHITE, Mr Albert
WHITE, Mr Frank Leonard
WHITE, Mr Arthur
WHITE, Mr Edward Joseph
WHITE, Mr Leonard Lisle Oliver
WHITFORD, Mr Alfred Henry
WICK, Col. George Dennick
WIDEGREN, Mr Carl Peter
WIDENER, Mr George Dunton
WIDENER, Mr Harry Elkins
WIKLUND, Mr Karl Johan
WIKLUND, Mr Jakob Alfred
WILDE, Mr Henry Tingle
WILLER, Mr Aaron
WILLEY, Mr Edward John
WILLIAMS, Mr Fletcher Fellowes Lambert
WILLIAMS, Mr Charles Duane
WILLIAMS, Mr Howard Hugh
WILLIAMS, Mr Leslie
WILLIAMS, Mr Samuel Solomon
WILLIAMS, Mr Arthur John
WILLIAMSON, Mr James Bertram
WILLIS, Mr William
WILLSHER, Mr William Aubrey
WILSON, Mr Bertie
WILTON, Mr William Edward
WINDELØV, Mr Einar
WINSER, Mr Rowland
WIRZ, Mr Albert
WISEMAN, Mr Philip
ABBOTT, Mr Eugene Joseph
ALLISON, Miss Helen Loraine
ANDERSSON, Miss Sigrid Elisabeth
ANDERSSON, Miss Ingeborg Constanzia
ANDERSSON, Miss Ebba Iris Alfrida
ANDERSSON, Master Sigvard Harald Elias
ANDERSSON, Miss Ellis Anna Maria
ASPLUND, Master Carl Edgar
ASPLUND, Master Filip Oscar
ASPLUND, Master Clarence Gustaf Hugo
BŪLUS, Miss Nūr al-'ayn
BŪLUS, Master Akar
DANBOM, Master Gilbert Sigvard Emanuel
FORD, Mr William Neal Thomas
FORD, Miss Robina Maggie
GOODWIN, Mr Charles Edward
GOODWIN, Master William Frederick
GOODWIN, Miss Jessie Allis Mary
GOODWIN, Master Harold Victor
GOODWIN, Master Sidney Leslie
HOPKINS, Mr Frederick William
IBRĀHĪM, Mr Husayn Mahmūd Husayn
JOHNSTON, Master William Andrew
JOHNSTON, Miss Catherine Nellie
KLASÉN, Miss Gertrud Emilia
LEFEBVRE, Master Henry
LEFEBVRE, Miss Ida
LEFEBVRE, Miss Jeannie
LEFEBVRE, Miss Mathilde
PÅLSSON, Master Gösta Leonard
PÅLSSON, Master Paul Folke
PÅLSSON, Miss Stina Viola
PÅLSSON, Miss Torborg Danira
PANULA, Master Juha Niilo
PANULA, Master Urho Abraham
PANULA, Master Eino Viljam
PEACOCK, Master Albert Edward
PEACOCK, Miss Treasteall
RICE, Master Albert
RICE, Master George
RICE, Master Eric
RICE, Master Arthur
RICE, Master Francis
ROSBLOM, Miss Salli Helena
SAGE, Miss Dorothy Florence
SAGE, Master Anthony William
SAGE, Miss Elizabeth Ada
SAGE, Miss Constance Gladys
SAGE, Master Thomas Henry
SEMAN, Master Betros
SKOOG, Master Karl Thorsten
SKOOG, Master Harald
SKOOG, Miss Mabel
SKOOG, Miss Margit Elizabeth
STRÖM, Miss Telma Matilda
SWEET, Mr George Frederick
VAN BILLIARD, Master James William
VAN BILLIARD, Master Walter John
VAN IMPE, Miss Catharina
VESTRÖM, Miss Hulda Amanda Adolfina
WATSON, Mr William Albert